<annotation>
	<folder>my-project-name</folder>
	<filename>data_img_2_2.jpg</filename>
	<path>/my-project-name/data_img_2_2.jpg</path>
	<source>
		<database>Unspecified</database>
	</source>
	<size>
		<width>1150</width>
		<height>3024</height>
		<depth>3</depth>
	</size>
	<object>
		<name>call_number</name>
		<pose>Unspecified</pose>
		<truncated>0</truncated>
		<difficult>0</difficult>
		<bndbox>
			<xmin>34</xmin>
			<ymin>1893</ymin>
			<xmax>192</xmax>
			<ymax>2165</ymax>
		</bndbox>
	</object>
	<object>
		<name>call_number</name>
		<pose>Unspecified</pose>
		<truncated>0</truncated>
		<difficult>0</difficult>
		<bndbox>
			<xmin>229</xmin>
			<ymin>1876</ymin>
			<xmax>347</xmax>
			<ymax>2149</ymax>
		</bndbox>
	</object>
	<object>
		<name>call_number</name>
		<pose>Unspecified</pose>
		<truncated>0</truncated>
		<difficult>0</difficult>
		<bndbox>
			<xmin>388</xmin>
			<ymin>1891</ymin>
			<xmax>512</xmax>
			<ymax>2155</ymax>
		</bndbox>
	</object>
	<object>
		<name>call_number</name>
		<pose>Unspecified</pose>
		<truncated>0</truncated>
		<difficult>0</difficult>
		<bndbox>
			<xmin>571</xmin>
			<ymin>1859</ymin>
			<xmax>726</xmax>
			<ymax>2182</ymax>
		</bndbox>
	</object>
	<object>
		<name>call_number</name>
		<pose>Unspecified</pose>
		<truncated>0</truncated>
		<difficult>0</difficult>
		<bndbox>
			<xmin>828</xmin>
			<ymin>1839</ymin>
			<xmax>980</xmax>
			<ymax>2176</ymax>
		</bndbox>
	</object>
	<object>
		<name>call_number</name>
		<pose>Unspecified</pose>
		<truncated>0</truncated>
		<difficult>0</difficult>
		<bndbox>
			<xmin>1062</xmin>
			<ymin>1898</ymin>
			<xmax>1133</xmax>
			<ymax>2162</ymax>
		</bndbox>
	</object>
</annotation>