<annotation>
	<folder>my-project-name</folder>
	<filename>data_img_11_1.jpg</filename>
	<path>/my-project-name/data_img_11_1.jpg</path>
	<source>
		<database>Unspecified</database>
	</source>
	<size>
		<width>300</width>
		<height>1195</height>
		<depth>3</depth>
	</size>
	<object>
		<name>call_number</name>
		<pose>Unspecified</pose>
		<truncated>0</truncated>
		<difficult>0</difficult>
		<bndbox>
			<xmin>4</xmin>
			<ymin>891</ymin>
			<xmax>71</xmax>
			<ymax>996</ymax>
		</bndbox>
	</object>
	<object>
		<name>call_number</name>
		<pose>Unspecified</pose>
		<truncated>0</truncated>
		<difficult>0</difficult>
		<bndbox>
			<xmin>74</xmin>
			<ymin>916</ymin>
			<xmax>154</xmax>
			<ymax>1033</ymax>
		</bndbox>
	</object>
	<object>
		<name>call_number</name>
		<pose>Unspecified</pose>
		<truncated>0</truncated>
		<difficult>0</difficult>
		<bndbox>
			<xmin>167</xmin>
			<ymin>910</ymin>
			<xmax>286</xmax>
			<ymax>1040</ymax>
		</bndbox>
	</object>
</annotation>