<annotation>
	<folder>my-project-name</folder>
	<filename>data_img_5_3.jpg</filename>
	<path>/my-project-name/data_img_5_3.jpg</path>
	<source>
		<database>Unspecified</database>
	</source>
	<size>
		<width>110</width>
		<height>559</height>
		<depth>3</depth>
	</size>
	<object>
		<name>call_number</name>
		<pose>Unspecified</pose>
		<truncated>0</truncated>
		<difficult>0</difficult>
		<bndbox>
			<xmin>0</xmin>
			<ymin>431</ymin>
			<xmax>41</xmax>
			<ymax>503</ymax>
		</bndbox>
	</object>
	<object>
		<name>call_number</name>
		<pose>Unspecified</pose>
		<truncated>0</truncated>
		<difficult>0</difficult>
		<bndbox>
			<xmin>43</xmin>
			<ymin>453</ymin>
			<xmax>73</xmax>
			<ymax>500</ymax>
		</bndbox>
	</object>
	<object>
		<name>call_number</name>
		<pose>Unspecified</pose>
		<truncated>0</truncated>
		<difficult>0</difficult>
		<bndbox>
			<xmin>74</xmin>
			<ymin>427</ymin>
			<xmax>110</xmax>
			<ymax>497</ymax>
		</bndbox>
	</object>
</annotation>