<annotation>
	<folder>my-project-name</folder>
	<filename>data_img_7_0.jpg</filename>
	<path>/my-project-name/data_img_7_0.jpg</path>
	<source>
		<database>Unspecified</database>
	</source>
	<size>
		<width>250</width>
		<height>780</height>
		<depth>3</depth>
	</size>
	<object>
		<name>call_number</name>
		<pose>Unspecified</pose>
		<truncated>0</truncated>
		<difficult>0</difficult>
		<bndbox>
			<xmin>51</xmin>
			<ymin>625</ymin>
			<xmax>136</xmax>
			<ymax>708</ymax>
		</bndbox>
	</object>
	<object>
		<name>call_number</name>
		<pose>Unspecified</pose>
		<truncated>0</truncated>
		<difficult>0</difficult>
		<bndbox>
			<xmin>140</xmin>
			<ymin>593</ymin>
			<xmax>213</xmax>
			<ymax>674</ymax>
		</bndbox>
	</object>
	<object>
		<name>call_number</name>
		<pose>Unspecified</pose>
		<truncated>0</truncated>
		<difficult>0</difficult>
		<bndbox>
			<xmin>219</xmin>
			<ymin>602</ymin>
			<xmax>250</xmax>
			<ymax>682</ymax>
		</bndbox>
	</object>
	<object>
		<name>call_number</name>
		<pose>Unspecified</pose>
		<truncated>0</truncated>
		<difficult>0</difficult>
		<bndbox>
			<xmin>6</xmin>
			<ymin>637</ymin>
			<xmax>52</xmax>
			<ymax>721</ymax>
		</bndbox>
	</object>
</annotation>