<annotation>
	<folder>my-project-name</folder>
	<filename>data_img_8_2.jpg</filename>
	<path>/my-project-name/data_img_8_2.jpg</path>
	<source>
		<database>Unspecified</database>
	</source>
	<size>
		<width>250</width>
		<height>576</height>
		<depth>3</depth>
	</size>
	<object>
		<name>call_number</name>
		<pose>Unspecified</pose>
		<truncated>0</truncated>
		<difficult>0</difficult>
		<bndbox>
			<xmin>0</xmin>
			<ymin>289</ymin>
			<xmax>79</xmax>
			<ymax>467</ymax>
		</bndbox>
	</object>
	<object>
		<name>call_number</name>
		<pose>Unspecified</pose>
		<truncated>0</truncated>
		<difficult>0</difficult>
		<bndbox>
			<xmin>81</xmin>
			<ymin>286</ymin>
			<xmax>160</xmax>
			<ymax>470</ymax>
		</bndbox>
	</object>
	<object>
		<name>call_number</name>
		<pose>Unspecified</pose>
		<truncated>0</truncated>
		<difficult>0</difficult>
		<bndbox>
			<xmin>162</xmin>
			<ymin>275</ymin>
			<xmax>226</xmax>
			<ymax>462</ymax>
		</bndbox>
	</object>
</annotation>