<annotation>
	<folder>my-project-name</folder>
	<filename>data_img_9_0.jpg</filename>
	<path>/my-project-name/data_img_9_0.jpg</path>
	<source>
		<database>Unspecified</database>
	</source>
	<size>
		<width>250</width>
		<height>478</height>
		<depth>3</depth>
	</size>
	<object>
		<name>call_number</name>
		<pose>Unspecified</pose>
		<truncated>0</truncated>
		<difficult>0</difficult>
		<bndbox>
			<xmin>100</xmin>
			<ymin>343</ymin>
			<xmax>125</xmax>
			<ymax>393</ymax>
		</bndbox>
	</object>
	<object>
		<name>call_number</name>
		<pose>Unspecified</pose>
		<truncated>0</truncated>
		<difficult>0</difficult>
		<bndbox>
			<xmin>134</xmin>
			<ymin>351</ymin>
			<xmax>160</xmax>
			<ymax>400</ymax>
		</bndbox>
	</object>
	<object>
		<name>call_number</name>
		<pose>Unspecified</pose>
		<truncated>0</truncated>
		<difficult>0</difficult>
		<bndbox>
			<xmin>162</xmin>
			<ymin>348</ymin>
			<xmax>192</xmax>
			<ymax>400</ymax>
		</bndbox>
	</object>
</annotation>