<annotation>
	<folder>my-project-name</folder>
	<filename>data_img_5_0.jpg</filename>
	<path>/my-project-name/data_img_5_0.jpg</path>
	<source>
		<database>Unspecified</database>
	</source>
	<size>
		<width>110</width>
		<height>559</height>
		<depth>3</depth>
	</size>
	<object>
		<name>call_number</name>
		<pose>Unspecified</pose>
		<truncated>0</truncated>
		<difficult>0</difficult>
		<bndbox>
			<xmin>69</xmin>
			<ymin>445</ymin>
			<xmax>110</xmax>
			<ymax>517</ymax>
		</bndbox>
	</object>
</annotation>