<annotation>
	<folder>my-project-name</folder>
	<filename>data_img_1_1.jpg</filename>
	<path>/my-project-name/data_img_1_1.jpg</path>
	<source>
		<database>Unspecified</database>
	</source>
	<size>
		<width>1150</width>
		<height>1712</height>
		<depth>3</depth>
	</size>
	<object>
		<name>call_number</name>
		<pose>Unspecified</pose>
		<truncated>0</truncated>
		<difficult>0</difficult>
		<bndbox>
			<xmin>0</xmin>
			<ymin>1238</ymin>
			<xmax>89</xmax>
			<ymax>1498</ymax>
		</bndbox>
	</object>
	<object>
		<name>call_number</name>
		<pose>Unspecified</pose>
		<truncated>0</truncated>
		<difficult>0</difficult>
		<bndbox>
			<xmin>102</xmin>
			<ymin>1217</ymin>
			<xmax>195</xmax>
			<ymax>1477</ymax>
		</bndbox>
	</object>
	<object>
		<name>call_number</name>
		<pose>Unspecified</pose>
		<truncated>0</truncated>
		<difficult>0</difficult>
		<bndbox>
			<xmin>230</xmin>
			<ymin>1183</ymin>
			<xmax>380</xmax>
			<ymax>1490</ymax>
		</bndbox>
	</object>
	<object>
		<name>call_number</name>
		<pose>Unspecified</pose>
		<truncated>0</truncated>
		<difficult>0</difficult>
		<bndbox>
			<xmin>425</xmin>
			<ymin>1213</ymin>
			<xmax>554</xmax>
			<ymax>1464</ymax>
		</bndbox>
	</object>
	<object>
		<name>call_number</name>
		<pose>Unspecified</pose>
		<truncated>0</truncated>
		<difficult>0</difficult>
		<bndbox>
			<xmin>580</xmin>
			<ymin>1207</ymin>
			<xmax>698</xmax>
			<ymax>1414</ymax>
		</bndbox>
	</object>
	<object>
		<name>call_number</name>
		<pose>Unspecified</pose>
		<truncated>0</truncated>
		<difficult>0</difficult>
		<bndbox>
			<xmin>727</xmin>
			<ymin>1227</ymin>
			<xmax>838</xmax>
			<ymax>1472</ymax>
		</bndbox>
	</object>
	<object>
		<name>call_number</name>
		<pose>Unspecified</pose>
		<truncated>0</truncated>
		<difficult>0</difficult>
		<bndbox>
			<xmin>875</xmin>
			<ymin>1213</ymin>
			<xmax>1000</xmax>
			<ymax>1463</ymax>
		</bndbox>
	</object>
	<object>
		<name>call_number</name>
		<pose>Unspecified</pose>
		<truncated>0</truncated>
		<difficult>0</difficult>
		<bndbox>
			<xmin>1048</xmin>
			<ymin>1234</ymin>
			<xmax>1150</xmax>
			<ymax>1474</ymax>
		</bndbox>
	</object>
</annotation>