<annotation>
	<folder>my-project-name</folder>
	<filename>data_img_1_3.jpg</filename>
	<path>/my-project-name/data_img_1_3.jpg</path>
	<source>
		<database>Unspecified</database>
	</source>
	<size>
		<width>558</width>
		<height>1712</height>
		<depth>3</depth>
	</size>
	<object>
		<name>call_number</name>
		<pose>Unspecified</pose>
		<truncated>0</truncated>
		<difficult>0</difficult>
		<bndbox>
			<xmin>66</xmin>
			<ymin>1157</ymin>
			<xmax>204</xmax>
			<ymax>1454</ymax>
		</bndbox>
	</object>
</annotation>