<annotation>
	<folder>my-project-name</folder>
	<filename>data_img_6_1.jpg</filename>
	<path>/my-project-name/data_img_6_1.jpg</path>
	<source>
		<database>Unspecified</database>
	</source>
	<size>
		<width>200</width>
		<height>587</height>
		<depth>3</depth>
	</size>
	<object>
		<name>call_number</name>
		<pose>Unspecified</pose>
		<truncated>0</truncated>
		<difficult>0</difficult>
		<bndbox>
			<xmin>17</xmin>
			<ymin>489</ymin>
			<xmax>40</xmax>
			<ymax>552</ymax>
		</bndbox>
	</object>
	<object>
		<name>call_number</name>
		<pose>Unspecified</pose>
		<truncated>0</truncated>
		<difficult>0</difficult>
		<bndbox>
			<xmin>41</xmin>
			<ymin>504</ymin>
			<xmax>95</xmax>
			<ymax>558</ymax>
		</bndbox>
	</object>
	<object>
		<name>call_number</name>
		<pose>Unspecified</pose>
		<truncated>0</truncated>
		<difficult>0</difficult>
		<bndbox>
			<xmin>103</xmin>
			<ymin>498</ymin>
			<xmax>136</xmax>
			<ymax>552</ymax>
		</bndbox>
	</object>
	<object>
		<name>call_number</name>
		<pose>Unspecified</pose>
		<truncated>0</truncated>
		<difficult>0</difficult>
		<bndbox>
			<xmin>151</xmin>
			<ymin>494</ymin>
			<xmax>200</xmax>
			<ymax>543</ymax>
		</bndbox>
	</object>
</annotation>