<annotation>
	<folder>my-project-name</folder>
	<filename>data_img_6_4.jpg</filename>
	<path>/my-project-name/data_img_6_4.jpg</path>
	<source>
		<database>Unspecified</database>
	</source>
	<size>
		<width>192</width>
		<height>587</height>
		<depth>3</depth>
	</size>
	<object>
		<name>call_number</name>
		<pose>Unspecified</pose>
		<truncated>0</truncated>
		<difficult>0</difficult>
		<bndbox>
			<xmin>139</xmin>
			<ymin>497</ymin>
			<xmax>174</xmax>
			<ymax>540</ymax>
		</bndbox>
	</object>
	<object>
		<name>call_number</name>
		<pose>Unspecified</pose>
		<truncated>0</truncated>
		<difficult>0</difficult>
		<bndbox>
			<xmin>116</xmin>
			<ymin>483</ymin>
			<xmax>137</xmax>
			<ymax>544</ymax>
		</bndbox>
	</object>
	<object>
		<name>call_number</name>
		<pose>Unspecified</pose>
		<truncated>0</truncated>
		<difficult>0</difficult>
		<bndbox>
			<xmin>76</xmin>
			<ymin>476</ymin>
			<xmax>119</xmax>
			<ymax>537</ymax>
		</bndbox>
	</object>
	<object>
		<name>call_number</name>
		<pose>Unspecified</pose>
		<truncated>0</truncated>
		<difficult>0</difficult>
		<bndbox>
			<xmin>38</xmin>
			<ymin>495</ymin>
			<xmax>75</xmax>
			<ymax>542</ymax>
		</bndbox>
	</object>
	<object>
		<name>call_number</name>
		<pose>Unspecified</pose>
		<truncated>0</truncated>
		<difficult>0</difficult>
		<bndbox>
			<xmin>9</xmin>
			<ymin>488</ymin>
			<xmax>40</xmax>
			<ymax>549</ymax>
		</bndbox>
	</object>
</annotation>