<annotation>
	<folder>my-project-name</folder>
	<filename>data_img_8_1.jpg</filename>
	<path>/my-project-name/data_img_8_1.jpg</path>
	<source>
		<database>Unspecified</database>
	</source>
	<size>
		<width>250</width>
		<height>576</height>
		<depth>3</depth>
	</size>
	<object>
		<name>call_number</name>
		<pose>Unspecified</pose>
		<truncated>0</truncated>
		<difficult>0</difficult>
		<bndbox>
			<xmin>120</xmin>
			<ymin>288</ymin>
			<xmax>186</xmax>
			<ymax>449</ymax>
		</bndbox>
	</object>
	<object>
		<name>call_number</name>
		<pose>Unspecified</pose>
		<truncated>0</truncated>
		<difficult>0</difficult>
		<bndbox>
			<xmin>186</xmin>
			<ymin>268</ymin>
			<xmax>248</xmax>
			<ymax>435</ymax>
		</bndbox>
	</object>
</annotation>