<annotation>
	<folder>my-project-name</folder>
	<filename>data_img_1_0.jpg</filename>
	<path>/my-project-name/data_img_1_0.jpg</path>
	<source>
		<database>Unspecified</database>
	</source>
	<size>
		<width>1150</width>
		<height>1712</height>
		<depth>3</depth>
	</size>
	<object>
		<name>call_number</name>
		<pose>Unspecified</pose>
		<truncated>0</truncated>
		<difficult>0</difficult>
		<bndbox>
			<xmin>251</xmin>
			<ymin>1186</ymin>
			<xmax>416</xmax>
			<ymax>1513</ymax>
		</bndbox>
	</object>
	<object>
		<name>call_number</name>
		<pose>Unspecified</pose>
		<truncated>0</truncated>
		<difficult>0</difficult>
		<bndbox>
			<xmin>431</xmin>
			<ymin>1192</ymin>
			<xmax>568</xmax>
			<ymax>1515</ymax>
		</bndbox>
	</object>
	<object>
		<name>call_number</name>
		<pose>Unspecified</pose>
		<truncated>0</truncated>
		<difficult>0</difficult>
		<bndbox>
			<xmin>590</xmin>
			<ymin>1190</ymin>
			<xmax>746</xmax>
			<ymax>1508</ymax>
		</bndbox>
	</object>
	<object>
		<name>call_number</name>
		<pose>Unspecified</pose>
		<truncated>0</truncated>
		<difficult>0</difficult>
		<bndbox>
			<xmin>759</xmin>
			<ymin>1238</ymin>
			<xmax>919</xmax>
			<ymax>1498</ymax>
		</bndbox>
	</object>
	<object>
		<name>call_number</name>
		<pose>Unspecified</pose>
		<truncated>0</truncated>
		<difficult>0</difficult>
		<bndbox>
			<xmin>947</xmin>
			<ymin>1249</ymin>
			<xmax>1098</xmax>
			<ymax>1506</ymax>
		</bndbox>
	</object>
</annotation>