<annotation>
	<folder>my-project-name</folder>
	<filename>data_img_3_2.jpg</filename>
	<path>/my-project-name/data_img_3_2.jpg</path>
	<source>
		<database>Unspecified</database>
	</source>
	<size>
		<width>1150</width>
		<height>3024</height>
		<depth>3</depth>
	</size>
	<object>
		<name>call_number</name>
		<pose>Unspecified</pose>
		<truncated>0</truncated>
		<difficult>0</difficult>
		<bndbox>
			<xmin>88</xmin>
			<ymin>1912</ymin>
			<xmax>227</xmax>
			<ymax>2168</ymax>
		</bndbox>
	</object>
	<object>
		<name>call_number</name>
		<pose>Unspecified</pose>
		<truncated>0</truncated>
		<difficult>0</difficult>
		<bndbox>
			<xmin>278</xmin>
			<ymin>1904</ymin>
			<xmax>391</xmax>
			<ymax>2171</ymax>
		</bndbox>
	</object>
	<object>
		<name>call_number</name>
		<pose>Unspecified</pose>
		<truncated>0</truncated>
		<difficult>0</difficult>
		<bndbox>
			<xmin>431</xmin>
			<ymin>1915</ymin>
			<xmax>563</xmax>
			<ymax>2181</ymax>
		</bndbox>
	</object>
	<object>
		<name>call_number</name>
		<pose>Unspecified</pose>
		<truncated>0</truncated>
		<difficult>0</difficult>
		<bndbox>
			<xmin>619</xmin>
			<ymin>1873</ymin>
			<xmax>772</xmax>
			<ymax>2205</ymax>
		</bndbox>
	</object>
	<object>
		<name>call_number</name>
		<pose>Unspecified</pose>
		<truncated>0</truncated>
		<difficult>0</difficult>
		<bndbox>
			<xmin>878</xmin>
			<ymin>1866</ymin>
			<xmax>1028</xmax>
			<ymax>2200</ymax>
		</bndbox>
	</object>
</annotation>