<annotation>
	<folder>my-project-name</folder>
	<filename>data_img_0_1.jpg</filename>
	<path>/my-project-name/data_img_0_1.jpg</path>
	<source>
		<database>Unspecified</database>
	</source>
	<size>
		<width>300</width>
		<height>442</height>
		<depth>3</depth>
	</size>
	<object>
		<name>call_number</name>
		<pose>Unspecified</pose>
		<truncated>0</truncated>
		<difficult>0</difficult>
		<bndbox>
			<xmin>28</xmin>
			<ymin>207</ymin>
			<xmax>132</xmax>
			<ymax>435</ymax>
		</bndbox>
	</object>
	<object>
		<name>call_number</name>
		<pose>Unspecified</pose>
		<truncated>0</truncated>
		<difficult>0</difficult>
		<bndbox>
			<xmin>180</xmin>
			<ymin>224</ymin>
			<xmax>276</xmax>
			<ymax>392</ymax>
		</bndbox>
	</object>
</annotation>