<annotation>
	<folder>my-project-name</folder>
	<filename>data_img_11_3.jpg</filename>
	<path>/my-project-name/data_img_11_3.jpg</path>
	<source>
		<database>Unspecified</database>
	</source>
	<size>
		<width>300</width>
		<height>1195</height>
		<depth>3</depth>
	</size>
	<object>
		<name>call_number</name>
		<pose>Unspecified</pose>
		<truncated>0</truncated>
		<difficult>0</difficult>
		<bndbox>
			<xmin>59</xmin>
			<ymin>857</ymin>
			<xmax>154</xmax>
			<ymax>1036</ymax>
		</bndbox>
	</object>
	<object>
		<name>call_number</name>
		<pose>Unspecified</pose>
		<truncated>0</truncated>
		<difficult>0</difficult>
		<bndbox>
			<xmin>190</xmin>
			<ymin>835</ymin>
			<xmax>279</xmax>
			<ymax>1002</ymax>
		</bndbox>
	</object>
</annotation>