<annotation>
	<folder>my-project-name</folder>
	<filename>data_img_6_3.jpg</filename>
	<path>/my-project-name/data_img_6_3.jpg</path>
	<source>
		<database>Unspecified</database>
	</source>
	<size>
		<width>200</width>
		<height>587</height>
		<depth>3</depth>
	</size>
	<object>
		<name>call_number</name>
		<pose>Unspecified</pose>
		<truncated>0</truncated>
		<difficult>0</difficult>
		<bndbox>
			<xmin>141</xmin>
			<ymin>513</ymin>
			<xmax>200</xmax>
			<ymax>560</ymax>
		</bndbox>
	</object>
	<object>
		<name>call_number</name>
		<pose>Unspecified</pose>
		<truncated>0</truncated>
		<difficult>0</difficult>
		<bndbox>
			<xmin>80</xmin>
			<ymin>501</ymin>
			<xmax>122</xmax>
			<ymax>544</ymax>
		</bndbox>
	</object>
	<object>
		<name>call_number</name>
		<pose>Unspecified</pose>
		<truncated>0</truncated>
		<difficult>0</difficult>
		<bndbox>
			<xmin>44</xmin>
			<ymin>481</ymin>
			<xmax>78</xmax>
			<ymax>544</ymax>
		</bndbox>
	</object>
	<object>
		<name>call_number</name>
		<pose>Unspecified</pose>
		<truncated>0</truncated>
		<difficult>0</difficult>
		<bndbox>
			<xmin>17</xmin>
			<ymin>482</ymin>
			<xmax>39</xmax>
			<ymax>541</ymax>
		</bndbox>
	</object>
</annotation>