<annotation>
	<folder>my-project-name</folder>
	<filename>data_img_0_3.jpg</filename>
	<path>/my-project-name/data_img_0_3.jpg</path>
	<source>
		<database>Unspecified</database>
	</source>
	<size>
		<width>124</width>
		<height>442</height>
		<depth>3</depth>
	</size>
	<object>
		<name>call_number</name>
		<pose>Unspecified</pose>
		<truncated>0</truncated>
		<difficult>0</difficult>
		<bndbox>
			<xmin>8</xmin>
			<ymin>233</ymin>
			<xmax>108</xmax>
			<ymax>421</ymax>
		</bndbox>
	</object>
</annotation>