<annotation>
	<folder>my-project-name</folder>
	<filename>data_img_10_1.jpg</filename>
	<path>/my-project-name/data_img_10_1.jpg</path>
	<source>
		<database>Unspecified</database>
	</source>
	<size>
		<width>200</width>
		<height>484</height>
		<depth>3</depth>
	</size>
	<object>
		<name>call_number</name>
		<pose>Unspecified</pose>
		<truncated>0</truncated>
		<difficult>0</difficult>
		<bndbox>
			<xmin>51</xmin>
			<ymin>351</ymin>
			<xmax>81</xmax>
			<ymax>389</ymax>
		</bndbox>
	</object>
	<object>
		<name>call_number</name>
		<pose>Unspecified</pose>
		<truncated>0</truncated>
		<difficult>0</difficult>
		<bndbox>
			<xmin>95</xmin>
			<ymin>344</ymin>
			<xmax>126</xmax>
			<ymax>410</ymax>
		</bndbox>
	</object>
	<object>
		<name>call_number</name>
		<pose>Unspecified</pose>
		<truncated>0</truncated>
		<difficult>0</difficult>
		<bndbox>
			<xmin>141</xmin>
			<ymin>344</ymin>
			<xmax>162</xmax>
			<ymax>383</ymax>
		</bndbox>
	</object>
</annotation>