<annotation>
	<folder>my-project-name</folder>
	<filename>data_img_5_6.jpg</filename>
	<path>/my-project-name/data_img_5_6.jpg</path>
	<source>
		<database>Unspecified</database>
	</source>
	<size>
		<width>110</width>
		<height>559</height>
		<depth>3</depth>
	</size>
	<object>
		<name>call_number</name>
		<pose>Unspecified</pose>
		<truncated>0</truncated>
		<difficult>0</difficult>
		<bndbox>
			<xmin>70</xmin>
			<ymin>473</ymin>
			<xmax>109</xmax>
			<ymax>497</ymax>
		</bndbox>
	</object>
	<object>
		<name>call_number</name>
		<pose>Unspecified</pose>
		<truncated>0</truncated>
		<difficult>0</difficult>
		<bndbox>
			<xmin>11</xmin>
			<ymin>430</ymin>
			<xmax>64</xmax>
			<ymax>502</ymax>
		</bndbox>
	</object>
</annotation>