<annotation>
	<folder>my-project-name</folder>
	<filename>data_img_3_1.jpg</filename>
	<path>/my-project-name/data_img_3_1.jpg</path>
	<source>
		<database>Unspecified</database>
	</source>
	<size>
		<width>1150</width>
		<height>3024</height>
		<depth>3</depth>
	</size>
	<object>
		<name>call_number</name>
		<pose>Unspecified</pose>
		<truncated>0</truncated>
		<difficult>0</difficult>
		<bndbox>
			<xmin>51</xmin>
			<ymin>1871</ymin>
			<xmax>221</xmax>
			<ymax>2216</ymax>
		</bndbox>
	</object>
	<object>
		<name>call_number</name>
		<pose>Unspecified</pose>
		<truncated>0</truncated>
		<difficult>0</difficult>
		<bndbox>
			<xmin>256</xmin>
			<ymin>1946</ymin>
			<xmax>363</xmax>
			<ymax>2217</ymax>
		</bndbox>
	</object>
	<object>
		<name>call_number</name>
		<pose>Unspecified</pose>
		<truncated>0</truncated>
		<difficult>0</difficult>
		<bndbox>
			<xmin>389</xmin>
			<ymin>1918</ymin>
			<xmax>529</xmax>
			<ymax>2160</ymax>
		</bndbox>
	</object>
	<object>
		<name>call_number</name>
		<pose>Unspecified</pose>
		<truncated>0</truncated>
		<difficult>0</difficult>
		<bndbox>
			<xmin>556</xmin>
			<ymin>1930</ymin>
			<xmax>685</xmax>
			<ymax>2196</ymax>
		</bndbox>
	</object>
	<object>
		<name>call_number</name>
		<pose>Unspecified</pose>
		<truncated>0</truncated>
		<difficult>0</difficult>
		<bndbox>
			<xmin>719</xmin>
			<ymin>1911</ymin>
			<xmax>867</xmax>
			<ymax>2192</ymax>
		</bndbox>
	</object>
	<object>
		<name>call_number</name>
		<pose>Unspecified</pose>
		<truncated>0</truncated>
		<difficult>0</difficult>
		<bndbox>
			<xmin>926</xmin>
			<ymin>1937</ymin>
			<xmax>1072</xmax>
			<ymax>2207</ymax>
		</bndbox>
	</object>
</annotation>