<annotation>
	<folder>my-project-name</folder>
	<filename>data_img_6_2.jpg</filename>
	<path>/my-project-name/data_img_6_2.jpg</path>
	<source>
		<database>Unspecified</database>
	</source>
	<size>
		<width>200</width>
		<height>587</height>
		<depth>3</depth>
	</size>
	<object>
		<name>call_number</name>
		<pose>Unspecified</pose>
		<truncated>0</truncated>
		<difficult>0</difficult>
		<bndbox>
			<xmin>20</xmin>
			<ymin>503</ymin>
			<xmax>69</xmax>
			<ymax>551</ymax>
		</bndbox>
	</object>
	<object>
		<name>call_number</name>
		<pose>Unspecified</pose>
		<truncated>0</truncated>
		<difficult>0</difficult>
		<bndbox>
			<xmin>73</xmin>
			<ymin>508</ymin>
			<xmax>128</xmax>
			<ymax>557</ymax>
		</bndbox>
	</object>
	<object>
		<name>call_number</name>
		<pose>Unspecified</pose>
		<truncated>0</truncated>
		<difficult>0</difficult>
		<bndbox>
			<xmin>134</xmin>
			<ymin>486</ymin>
			<xmax>166</xmax>
			<ymax>546</ymax>
		</bndbox>
	</object>
	<object>
		<name>call_number</name>
		<pose>Unspecified</pose>
		<truncated>0</truncated>
		<difficult>0</difficult>
		<bndbox>
			<xmin>171</xmin>
			<ymin>492</ymin>
			<xmax>200</xmax>
			<ymax>537</ymax>
		</bndbox>
	</object>
</annotation>