<annotation>
	<folder>my-project-name</folder>
	<filename>data_img_7_2.jpg</filename>
	<path>/my-project-name/data_img_7_2.jpg</path>
	<source>
		<database>Unspecified</database>
	</source>
	<size>
		<width>250</width>
		<height>780</height>
		<depth>3</depth>
	</size>
	<object>
		<name>call_number</name>
		<pose>Unspecified</pose>
		<truncated>0</truncated>
		<difficult>0</difficult>
		<bndbox>
			<xmin>0</xmin>
			<ymin>539</ymin>
			<xmax>56</xmax>
			<ymax>675</ymax>
		</bndbox>
	</object>
	<object>
		<name>call_number</name>
		<pose>Unspecified</pose>
		<truncated>0</truncated>
		<difficult>0</difficult>
		<bndbox>
			<xmin>97</xmin>
			<ymin>548</ymin>
			<xmax>158</xmax>
			<ymax>631</ymax>
		</bndbox>
	</object>
	<object>
		<name>call_number</name>
		<pose>Unspecified</pose>
		<truncated>0</truncated>
		<difficult>0</difficult>
		<bndbox>
			<xmin>193</xmin>
			<ymin>531</ymin>
			<xmax>247</xmax>
			<ymax>601</ymax>
		</bndbox>
	</object>
</annotation>