<annotation>
	<folder>my-project-name</folder>
	<filename>data_img_11_0.jpg</filename>
	<path>/my-project-name/data_img_11_0.jpg</path>
	<source>
		<database>Unspecified</database>
	</source>
	<size>
		<width>300</width>
		<height>1195</height>
		<depth>3</depth>
	</size>
	<object>
		<name>call_number</name>
		<pose>Unspecified</pose>
		<truncated>0</truncated>
		<difficult>0</difficult>
		<bndbox>
			<xmin>26</xmin>
			<ymin>830</ymin>
			<xmax>133</xmax>
			<ymax>994</ymax>
		</bndbox>
	</object>
	<object>
		<name>call_number</name>
		<pose>Unspecified</pose>
		<truncated>0</truncated>
		<difficult>0</difficult>
		<bndbox>
			<xmin>147</xmin>
			<ymin>776</ymin>
			<xmax>217</xmax>
			<ymax>872</ymax>
		</bndbox>
	</object>
	<object>
		<name>call_number</name>
		<pose>Unspecified</pose>
		<truncated>0</truncated>
		<difficult>0</difficult>
		<bndbox>
			<xmin>228</xmin>
			<ymin>858</ymin>
			<xmax>299</xmax>
			<ymax>936</ymax>
		</bndbox>
	</object>
</annotation>