<annotation>
	<folder>my-project-name</folder>
	<filename>data_img_11_2.jpg</filename>
	<path>/my-project-name/data_img_11_2.jpg</path>
	<source>
		<database>Unspecified</database>
	</source>
	<size>
		<width>300</width>
		<height>1195</height>
		<depth>3</depth>
	</size>
	<object>
		<name>call_number</name>
		<pose>Unspecified</pose>
		<truncated>0</truncated>
		<difficult>0</difficult>
		<bndbox>
			<xmin>35</xmin>
			<ymin>817</ymin>
			<xmax>131</xmax>
			<ymax>979</ymax>
		</bndbox>
	</object>
	<object>
		<name>call_number</name>
		<pose>Unspecified</pose>
		<truncated>0</truncated>
		<difficult>0</difficult>
		<bndbox>
			<xmin>162</xmin>
			<ymin>845</ymin>
			<xmax>226</xmax>
			<ymax>1010</ymax>
		</bndbox>
	</object>
	<object>
		<name>call_number</name>
		<pose>Unspecified</pose>
		<truncated>0</truncated>
		<difficult>0</difficult>
		<bndbox>
			<xmin>243</xmin>
			<ymin>867</ymin>
			<xmax>300</xmax>
			<ymax>1014</ymax>
		</bndbox>
	</object>
</annotation>