<annotation>
	<folder>my-project-name</folder>
	<filename>data_img_5_4.jpg</filename>
	<path>/my-project-name/data_img_5_4.jpg</path>
	<source>
		<database>Unspecified</database>
	</source>
	<size>
		<width>110</width>
		<height>559</height>
		<depth>3</depth>
	</size>
	<object>
		<name>call_number</name>
		<pose>Unspecified</pose>
		<truncated>0</truncated>
		<difficult>0</difficult>
		<bndbox>
			<xmin>10</xmin>
			<ymin>454</ymin>
			<xmax>48</xmax>
			<ymax>496</ymax>
		</bndbox>
	</object>
	<object>
		<name>call_number</name>
		<pose>Unspecified</pose>
		<truncated>0</truncated>
		<difficult>0</difficult>
		<bndbox>
			<xmin>55</xmin>
			<ymin>426</ymin>
			<xmax>96</xmax>
			<ymax>499</ymax>
		</bndbox>
	</object>
</annotation>