<annotation>
	<folder>my-project-name</folder>
	<filename>data_img_7_3.jpg</filename>
	<path>/my-project-name/data_img_7_3.jpg</path>
	<source>
		<database>Unspecified</database>
	</source>
	<size>
		<width>250</width>
		<height>780</height>
		<depth>3</depth>
	</size>
	<object>
		<name>call_number</name>
		<pose>Unspecified</pose>
		<truncated>0</truncated>
		<difficult>0</difficult>
		<bndbox>
			<xmin>18</xmin>
			<ymin>570</ymin>
			<xmax>71</xmax>
			<ymax>633</ymax>
		</bndbox>
	</object>
	<object>
		<name>call_number</name>
		<pose>Unspecified</pose>
		<truncated>0</truncated>
		<difficult>0</difficult>
		<bndbox>
			<xmin>134</xmin>
			<ymin>550</ymin>
			<xmax>180</xmax>
			<ymax>614</ymax>
		</bndbox>
	</object>
</annotation>