<annotation>
	<folder>my-project-name</folder>
	<filename>data_img_8_3.jpg</filename>
	<path>/my-project-name/data_img_8_3.jpg</path>
	<source>
		<database>Unspecified</database>
	</source>
	<size>
		<width>250</width>
		<height>576</height>
		<depth>3</depth>
	</size>
	<object>
		<name>call_number</name>
		<pose>Unspecified</pose>
		<truncated>0</truncated>
		<difficult>0</difficult>
		<bndbox>
			<xmin>0</xmin>
			<ymin>295</ymin>
			<xmax>92</xmax>
			<ymax>485</ymax>
		</bndbox>
	</object>
	<object>
		<name>call_number</name>
		<pose>Unspecified</pose>
		<truncated>0</truncated>
		<difficult>0</difficult>
		<bndbox>
			<xmin>91</xmin>
			<ymin>296</ymin>
			<xmax>174</xmax>
			<ymax>490</ymax>
		</bndbox>
	</object>
	<object>
		<name>call_number</name>
		<pose>Unspecified</pose>
		<truncated>0</truncated>
		<difficult>0</difficult>
		<bndbox>
			<xmin>184</xmin>
			<ymin>295</ymin>
			<xmax>232</xmax>
			<ymax>479</ymax>
		</bndbox>
	</object>
</annotation>