<annotation>
	<folder>my-project-name</folder>
	<filename>data_img_7_1.jpg</filename>
	<path>/my-project-name/data_img_7_1.jpg</path>
	<source>
		<database>Unspecified</database>
	</source>
	<size>
		<width>250</width>
		<height>780</height>
		<depth>3</depth>
	</size>
	<object>
		<name>call_number</name>
		<pose>Unspecified</pose>
		<truncated>0</truncated>
		<difficult>0</difficult>
		<bndbox>
			<xmin>117</xmin>
			<ymin>609</ymin>
			<xmax>184</xmax>
			<ymax>683</ymax>
		</bndbox>
	</object>
	<object>
		<name>call_number</name>
		<pose>Unspecified</pose>
		<truncated>0</truncated>
		<difficult>0</difficult>
		<bndbox>
			<xmin>51</xmin>
			<ymin>621</ymin>
			<xmax>110</xmax>
			<ymax>692</ymax>
		</bndbox>
	</object>
</annotation>