<annotation>
	<folder>my-project-name</folder>
	<filename>data_img_9_2.jpg</filename>
	<path>/my-project-name/data_img_9_2.jpg</path>
	<source>
		<database>Unspecified</database>
	</source>
	<size>
		<width>140</width>
		<height>478</height>
		<depth>3</depth>
	</size>
	<object>
		<name>call_number</name>
		<pose>Unspecified</pose>
		<truncated>0</truncated>
		<difficult>0</difficult>
		<bndbox>
			<xmin>19</xmin>
			<ymin>364</ymin>
			<xmax>62</xmax>
			<ymax>405</ymax>
		</bndbox>
	</object>
	<object>
		<name>call_number</name>
		<pose>Unspecified</pose>
		<truncated>0</truncated>
		<difficult>0</difficult>
		<bndbox>
			<xmin>100</xmin>
			<ymin>353</ymin>
			<xmax>139</xmax>
			<ymax>394</ymax>
		</bndbox>
	</object>
</annotation>