<annotation>
	<folder>my-project-name</folder>
	<filename>data_img_0_0.jpg</filename>
	<path>/my-project-name/data_img_0_0.jpg</path>
	<source>
		<database>Unspecified</database>
	</source>
	<size>
		<width>300</width>
		<height>442</height>
		<depth>3</depth>
	</size>
	<object>
		<name>call_number</name>
		<pose>Unspecified</pose>
		<truncated>0</truncated>
		<difficult>0</difficult>
		<bndbox>
			<xmin>3</xmin>
			<ymin>192</ymin>
			<xmax>106</xmax>
			<ymax>419</ymax>
		</bndbox>
	</object>
	<object>
		<name>call_number</name>
		<pose>Unspecified</pose>
		<truncated>0</truncated>
		<difficult>0</difficult>
		<bndbox>
			<xmin>115</xmin>
			<ymin>269</ymin>
			<xmax>190</xmax>
			<ymax>412</ymax>
		</bndbox>
	</object>
	<object>
		<name>call_number</name>
		<pose>Unspecified</pose>
		<truncated>0</truncated>
		<difficult>0</difficult>
		<bndbox>
			<xmin>194</xmin>
			<ymin>225</ymin>
			<xmax>296</xmax>
			<ymax>395</ymax>
		</bndbox>
	</object>
</annotation>