<annotation>
	<folder>my-project-name</folder>
	<filename>data_img_0_2.jpg</filename>
	<path>/my-project-name/data_img_0_2.jpg</path>
	<source>
		<database>Unspecified</database>
	</source>
	<size>
		<width>300</width>
		<height>442</height>
		<depth>3</depth>
	</size>
	<object>
		<name>call_number</name>
		<pose>Unspecified</pose>
		<truncated>0</truncated>
		<difficult>0</difficult>
		<bndbox>
			<xmin>48</xmin>
			<ymin>230</ymin>
			<xmax>159</xmax>
			<ymax>401</ymax>
		</bndbox>
	</object>
	<object>
		<name>call_number</name>
		<pose>Unspecified</pose>
		<truncated>0</truncated>
		<difficult>0</difficult>
		<bndbox>
			<xmin>198</xmin>
			<ymin>215</ymin>
			<xmax>271</xmax>
			<ymax>442</ymax>
		</bndbox>
	</object>
</annotation>