<annotation>
	<folder>my-project-name</folder>
	<filename>data_img_3_3.jpg</filename>
	<path>/my-project-name/data_img_3_3.jpg</path>
	<source>
		<database>Unspecified</database>
	</source>
	<size>
		<width>582</width>
		<height>3024</height>
		<depth>3</depth>
	</size>
	<object>
		<name>call_number</name>
		<pose>Unspecified</pose>
		<truncated>0</truncated>
		<difficult>0</difficult>
		<bndbox>
			<xmin>59</xmin>
			<ymin>1914</ymin>
			<xmax>147</xmax>
			<ymax>2169</ymax>
		</bndbox>
	</object>
	<object>
		<name>call_number</name>
		<pose>Unspecified</pose>
		<truncated>0</truncated>
		<difficult>0</difficult>
		<bndbox>
			<xmin>250</xmin>
			<ymin>1859</ymin>
			<xmax>388</xmax>
			<ymax>2185</ymax>
		</bndbox>
	</object>
</annotation>