<annotation>
	<folder>my-project-name</folder>
	<filename>data_img_11_4.jpg</filename>
	<path>/my-project-name/data_img_11_4.jpg</path>
	<source>
		<database>Unspecified</database>
	</source>
	<size>
		<width>300</width>
		<height>1195</height>
		<depth>3</depth>
	</size>
	<object>
		<name>call_number</name>
		<pose>Unspecified</pose>
		<truncated>0</truncated>
		<difficult>0</difficult>
		<bndbox>
			<xmin>17</xmin>
			<ymin>887</ymin>
			<xmax>110</xmax>
			<ymax>979</ymax>
		</bndbox>
	</object>
	<object>
		<name>call_number</name>
		<pose>Unspecified</pose>
		<truncated>0</truncated>
		<difficult>0</difficult>
		<bndbox>
			<xmin>139</xmin>
			<ymin>854</ymin>
			<xmax>236</xmax>
			<ymax>1013</ymax>
		</bndbox>
	</object>
</annotation>